{
  "strategy": "metamorphic",
  "avg_reward": 406.8999999999994,
  "avg_bugs_found": 5.36,
  "avg_coverage": 0.09999999999999998,
  "avg_bug_discovery_rate": 0.053599999999999995,
  "std_bugs_found": 2.224949437627741
}